observation_date,CPIMEDNS
1935-03-01,10.200
1935-04-01,
1935-05-01,
1935-06-01,
1935-07-01,10.200
1935-08-01,
1935-09-01,
1935-10-01,10.200
1935-11-01,
1935-12-01,
1936-01-01,10.200
1936-02-01,
1936-03-01,
1936-04-01,10.200
1936-05-01,
1936-06-01,
1936-07-01,10.200
1936-08-01,
1936-09-01,10.200
1936-10-01,
1936-11-01,
1936-12-01,10.200
1937-01-01,
1937-02-01,
1937-03-01,10.300
1937-04-01,
1937-05-01,
1937-06-01,10.300
1937-07-01,
1937-08-01,
1937-09-01,10.300
1937-10-01,
1937-11-01,
1937-12-01,10.300
1938-01-01,
1938-02-01,
1938-03-01,10.300
1938-04-01,
1938-05-01,
1938-06-01,10.300
1938-07-01,
1938-08-01,
1938-09-01,10.300
1938-10-01,
1938-11-01,
1938-12-01,10.300
1939-01-01,
1939-02-01,
1939-03-01,10.300
1939-04-01,
1939-05-01,
1939-06-01,10.400
1939-07-01,
1939-08-01,
1939-09-01,10.400
1939-10-01,
1939-11-01,
1939-12-01,10.400
1940-01-01,
1940-02-01,
1940-03-01,10.400
1940-04-01,
1940-05-01,
1940-06-01,10.300
1940-07-01,
1940-08-01,
1940-09-01,10.300
1940-10-01,
1940-11-01,
1940-12-01,10.400
1941-01-01,
1941-02-01,
1941-03-01,10.400
1941-04-01,
1941-05-01,
1941-06-01,10.400
1941-07-01,
1941-08-01,
1941-09-01,10.400
1941-10-01,
1941-11-01,
1941-12-01,10.500
1942-01-01,
1942-02-01,
1942-03-01,10.600
1942-04-01,
1942-05-01,
1942-06-01,10.700
1942-07-01,
1942-08-01,
1942-09-01,10.800
1942-10-01,
1942-11-01,
1942-12-01,10.900
1943-01-01,
1943-02-01,
1943-03-01,11.100
1943-04-01,
1943-05-01,
1943-06-01,11.200
1943-07-01,
1943-08-01,
1943-09-01,11.400
1943-10-01,
1943-11-01,
1943-12-01,11.400
1944-01-01,
1944-02-01,
1944-03-01,11.500
1944-04-01,
1944-05-01,
1944-06-01,11.500
1944-07-01,
1944-08-01,
1944-09-01,11.600
1944-10-01,
1944-11-01,
1944-12-01,11.700
1945-01-01,
1945-02-01,
1945-03-01,11.800
1945-04-01,
1945-05-01,
1945-06-01,11.900
1945-07-01,
1945-08-01,
1945-09-01,11.900
1945-10-01,
1945-11-01,
1945-12-01,12.000
1946-01-01,
1946-02-01,
1946-03-01,12.200
1946-04-01,
1946-05-01,
1946-06-01,12.400
1946-07-01,
1946-08-01,
1946-09-01,12.700
1946-10-01,
1946-11-01,
1946-12-01,13.000
1947-01-01,13.200
1947-02-01,13.300
1947-03-01,13.300
1947-04-01,13.400
1947-05-01,13.500
1947-06-01,13.500
1947-07-01,13.500
1947-08-01,13.600
1947-09-01,13.700
1947-10-01,13.800
1947-11-01,13.800
1947-12-01,13.900
1948-01-01,14.000
1948-02-01,14.000
1948-03-01,14.100
1948-04-01,14.300
1948-05-01,14.300
1948-06-01,14.300
1948-07-01,14.500
1948-08-01,14.500
1948-09-01,14.500
1948-10-01,14.600
1948-11-01,14.700
1948-12-01,14.700
1949-01-01,14.800
1949-02-01,14.800
1949-03-01,14.800
1949-04-01,14.800
1949-05-01,14.800
1949-06-01,14.800
1949-07-01,14.800
1949-08-01,14.900
1949-09-01,14.900
1949-10-01,14.900
1949-11-01,14.900
1949-12-01,14.900
1950-01-01,15.000
1950-02-01,15.000
1950-03-01,15.000
1950-04-01,15.000
1950-05-01,15.000
1950-06-01,15.000
1950-07-01,15.100
1950-08-01,15.100
1950-09-01,15.200
1950-10-01,15.300
1950-11-01,15.300
1950-12-01,15.400
1951-01-01,15.500
1951-02-01,15.500
1951-03-01,15.700
1951-04-01,15.700
1951-05-01,15.800
1951-06-01,15.800
1951-07-01,15.800
1951-08-01,15.900
1951-09-01,15.900
1951-10-01,16.000
1951-11-01,16.100
1951-12-01,16.300
1952-01-01,16.400
1952-02-01,16.400
1952-03-01,16.500
1952-04-01,16.500
1952-05-01,16.500
1952-06-01,16.800
1952-07-01,16.800
1952-08-01,16.800
1952-09-01,16.900
1952-10-01,16.900
1952-11-01,16.900
1952-12-01,17.000
1953-01-01,17.000
1953-02-01,17.000
1953-03-01,17.000
1953-04-01,17.100
1953-05-01,17.200
1953-06-01,17.300
1953-07-01,17.300
1953-08-01,17.400
1953-09-01,17.500
1953-10-01,17.500
1953-11-01,17.600
1953-12-01,17.600
1954-01-01,17.600
1954-02-01,17.700
1954-03-01,17.700
1954-04-01,17.800
1954-05-01,17.800
1954-06-01,17.800
1954-07-01,17.800
1954-08-01,17.900
1954-09-01,17.900
1954-10-01,17.900
1954-11-01,18.000
1954-12-01,18.000
1955-01-01,18.000
1955-02-01,18.100
1955-03-01,18.100
1955-04-01,18.100
1955-05-01,18.200
1955-06-01,18.200
1955-07-01,18.200
1955-08-01,18.200
1955-09-01,18.300
1955-10-01,18.400
1955-11-01,18.500
1955-12-01,18.600
1956-01-01,18.600
1956-02-01,18.700
1956-03-01,18.700
1956-04-01,18.800
1956-05-01,18.800
1956-06-01,18.800
1956-07-01,18.900
1956-08-01,19.000
1956-09-01,19.100
1956-10-01,19.100
1956-11-01,19.200
1956-12-01,19.200
1957-01-01,19.300
1957-02-01,19.300
1957-03-01,19.500
1957-04-01,19.500
1957-05-01,19.600
1957-06-01,19.700
1957-07-01,19.700
1957-08-01,19.800
1957-09-01,19.800
1957-10-01,19.900
1957-11-01,20.000
1957-12-01,20.100
1958-01-01,20.200
1958-02-01,20.200
1958-03-01,20.300
1958-04-01,20.400
1958-05-01,20.500
1958-06-01,20.600
1958-07-01,20.700
1958-08-01,20.700
1958-09-01,20.900
1958-10-01,21.000
1958-11-01,21.000
1958-12-01,21.000
1959-01-01,21.100
1959-02-01,21.200
1959-03-01,21.300
1959-04-01,21.300
1959-05-01,21.400
1959-06-01,21.500
1959-07-01,21.500
1959-08-01,21.600
1959-09-01,21.700
1959-10-01,21.700
1959-11-01,21.800
1959-12-01,21.800
1960-01-01,21.900
1960-02-01,22.000
1960-03-01,22.100
1960-04-01,22.200
1960-05-01,22.200
1960-06-01,22.200
1960-07-01,22.300
1960-08-01,22.300
1960-09-01,22.400
1960-10-01,22.400
1960-11-01,22.500
1960-12-01,22.500
1961-01-01,22.600
1961-02-01,22.700
1961-03-01,22.700
1961-04-01,22.800
1961-05-01,22.900
1961-06-01,22.900
1961-07-01,23.000
1961-08-01,23.000
1961-09-01,23.100
1961-10-01,23.100
1961-11-01,23.100
1961-12-01,23.200
1962-01-01,23.200
1962-02-01,23.300
1962-03-01,23.400
1962-04-01,23.500
1962-05-01,23.500
1962-06-01,23.600
1962-07-01,23.600
1962-08-01,23.600
1962-09-01,23.600
1962-10-01,23.700
1962-11-01,23.700
1962-12-01,23.700
1963-01-01,23.800
1963-02-01,23.900
1963-03-01,23.900
1963-04-01,24.000
1963-05-01,24.000
1963-06-01,24.100
1963-07-01,24.200
1963-08-01,24.200
1963-09-01,24.200
1963-10-01,24.200
1963-11-01,24.300
1963-12-01,24.300
1964-01-01,24.400
1964-02-01,24.400
1964-03-01,24.400
1964-04-01,24.500
1964-05-01,24.500
1964-06-01,24.600
1964-07-01,24.600
1964-08-01,24.700
1964-09-01,24.700
1964-10-01,24.700
1964-11-01,24.700
1964-12-01,24.800
1965-01-01,24.800
1965-02-01,24.900
1965-03-01,25.000
1965-04-01,25.100
1965-05-01,25.100
1965-06-01,25.200
1965-07-01,25.300
1965-08-01,25.300
1965-09-01,25.300
1965-10-01,25.300
1965-11-01,25.400
1965-12-01,25.500
1966-01-01,25.600
1966-02-01,25.600
1966-03-01,25.800
1966-04-01,25.900
1966-05-01,26.000
1966-06-01,26.200
1966-07-01,26.300
1966-08-01,26.400
1966-09-01,26.700
1966-10-01,26.900
1966-11-01,27.000
1966-12-01,27.200
1967-01-01,27.400
1967-02-01,27.500
1967-03-01,27.700
1967-04-01,27.800
1967-05-01,28.000
1967-06-01,28.100
1967-07-01,28.200
1967-08-01,28.300
1967-09-01,28.500
1967-10-01,28.600
1967-11-01,28.800
1967-12-01,28.900
1968-01-01,29.100
1968-02-01,29.200
1968-03-01,29.400
1968-04-01,29.600
1968-05-01,29.600
1968-06-01,29.700
1968-07-01,29.900
1968-08-01,30.000
1968-09-01,30.200
1968-10-01,30.400
1968-11-01,30.500
1968-12-01,30.700
1969-01-01,30.900
1969-02-01,31.200
1969-03-01,31.400
1969-04-01,31.600
1969-05-01,31.800
1969-06-01,32.000
1969-07-01,32.100
1969-08-01,32.300
1969-09-01,32.500
1969-10-01,32.300
1969-11-01,32.400
1969-12-01,32.600
1970-01-01,32.700
1970-02-01,33.000
1970-03-01,33.300
1970-04-01,33.500
1970-05-01,33.700
1970-06-01,33.900
1970-07-01,34.200
1970-08-01,34.300
1970-09-01,34.500
1970-10-01,34.600
1970-11-01,34.700
1970-12-01,35.000
1971-01-01,35.200
1971-02-01,35.400
1971-03-01,35.700
1971-04-01,35.900
1971-05-01,36.100
1971-06-01,36.200
1971-07-01,36.400
1971-08-01,36.600
1971-09-01,36.700
1971-10-01,36.500
1971-11-01,36.500
1971-12-01,36.600
1972-01-01,36.700
1972-02-01,36.900
1972-03-01,37.000
1972-04-01,37.100
1972-05-01,37.200
1972-06-01,37.300
1972-07-01,37.400
1972-08-01,37.400
1972-09-01,37.500
1972-10-01,37.700
1972-11-01,37.800
1972-12-01,37.800
1973-01-01,38.000
1973-02-01,38.100
1973-03-01,38.200
1973-04-01,38.300
1973-05-01,38.500
1973-06-01,38.600
1973-07-01,38.700
1973-08-01,38.700
1973-09-01,38.900
1973-10-01,39.600
1973-11-01,39.700
1973-12-01,39.800
1974-01-01,40.000
1974-02-01,40.400
1974-03-01,40.800
1974-04-01,41.000
1974-05-01,41.400
1974-06-01,42.100
1974-07-01,42.600
1974-08-01,43.300
1974-09-01,43.700
1974-10-01,44.000
1974-11-01,44.300
1974-12-01,44.800
1975-01-01,45.300
1975-02-01,45.900
1975-03-01,46.300
1975-04-01,46.700
1975-05-01,47.000
1975-06-01,47.300
1975-07-01,47.800
1975-08-01,48.100
1975-09-01,48.500
1975-10-01,48.800
1975-11-01,48.800
1975-12-01,49.200
1976-01-01,49.700
1976-02-01,50.300
1976-03-01,50.800
1976-04-01,51.100
1976-05-01,51.400
1976-06-01,51.700
1976-07-01,52.200
1976-08-01,52.600
1976-09-01,52.900
1976-10-01,53.200
1976-11-01,53.900
1976-12-01,54.100
1977-01-01,54.600
1977-02-01,55.100
1977-03-01,55.600
1977-04-01,56.100
1977-05-01,56.400
1977-06-01,56.800
1977-07-01,57.300
1977-08-01,57.700
1977-09-01,58.100
1977-10-01,58.300
1977-11-01,58.600
1977-12-01,58.900
1978-01-01,59.500
1978-02-01,60.100
1978-03-01,60.400
1978-04-01,60.700
1978-05-01,61.100
1978-06-01,61.300
1978-07-01,61.800
1978-08-01,62.300
1978-09-01,62.700
1978-10-01,63.300
1978-11-01,63.900
1978-12-01,64.100
1979-01-01,65.000
1979-02-01,65.500
1979-03-01,65.900
1979-04-01,66.200
1979-05-01,66.500
1979-06-01,66.900
1979-07-01,67.500
1979-08-01,68.100
1979-09-01,68.600
1979-10-01,69.200
1979-11-01,69.800
1979-12-01,70.600
1980-01-01,71.500
1980-02-01,72.600
1980-03-01,73.300
1980-04-01,73.800
1980-05-01,74.200
1980-06-01,74.500
1980-07-01,75.100
1980-08-01,75.600
1980-09-01,76.200
1980-10-01,76.800
1980-11-01,77.300
1980-12-01,77.600
1981-01-01,78.700
1981-02-01,79.600
1981-03-01,80.200
1981-04-01,80.800
1981-05-01,81.400
1981-06-01,82.100
1981-07-01,83.200
1981-08-01,84.300
1981-09-01,84.900
1981-10-01,85.800
1981-11-01,86.800
1981-12-01,87.300
1982-01-01,88.200
1982-02-01,89.000
1982-03-01,89.800
1982-04-01,90.600
1982-05-01,91.200
1982-06-01,91.900
1982-07-01,92.900
1982-08-01,93.800
1982-09-01,94.600
1982-10-01,95.400
1982-11-01,96.300
1982-12-01,96.900
1983-01-01,97.900
1983-02-01,98.900
1983-03-01,99.200
1983-04-01,99.500
1983-05-01,99.700
1983-06-01,100.100
1983-07-01,100.700
1983-08-01,101.400
1983-09-01,101.700
1983-10-01,102.200
1983-11-01,102.700
1983-12-01,103.100
1984-01-01,104.000
1984-02-01,105.100
1984-03-01,105.400
1984-04-01,105.800
1984-05-01,106.100
1984-06-01,106.400
1984-07-01,107.100
1984-08-01,107.500
1984-09-01,107.900
1984-10-01,108.500
1984-11-01,109.100
1984-12-01,109.400
1985-01-01,110.100
1985-02-01,110.900
1985-03-01,111.600
1985-04-01,112.100
1985-05-01,112.500
1985-06-01,113.100
1985-07-01,113.700
1985-08-01,114.500
1985-09-01,115.000
1985-10-01,115.600
1985-11-01,116.300
1985-12-01,116.800
1986-01-01,117.700
1986-02-01,118.900
1986-03-01,119.900
1986-04-01,120.500
1986-05-01,121.000
1986-06-01,121.600
1986-07-01,122.400
1986-08-01,123.200
1986-09-01,123.800
1986-10-01,124.500
1986-11-01,125.200
1986-12-01,125.800
1987-01-01,126.600
1987-02-01,127.400
1987-03-01,128.100
1987-04-01,128.700
1987-05-01,129.200
1987-06-01,129.900
1987-07-01,130.700
1987-08-01,131.200
1987-09-01,131.700
1987-10-01,132.300
1987-11-01,132.800
1987-12-01,133.100
1988-01-01,134.400
1988-02-01,135.500
1988-03-01,136.300
1988-04-01,136.900
1988-05-01,137.500
1988-06-01,138.200
1988-07-01,139.300
1988-08-01,139.900
1988-09-01,140.400
1988-10-01,141.200
1988-11-01,141.800
1988-12-01,142.300
1989-01-01,143.800
1989-02-01,145.200
1989-03-01,146.100
1989-04-01,146.800
1989-05-01,147.500
1989-06-01,148.500
1989-07-01,149.700
1989-08-01,150.700
1989-09-01,151.700
1989-10-01,152.700
1989-11-01,153.900
1989-12-01,154.400
1990-01-01,155.900
1990-02-01,157.500
1990-03-01,158.700
1990-04-01,159.800
1990-05-01,160.800
1990-06-01,161.900
1990-07-01,163.500
1990-08-01,165.000
1990-09-01,165.800
1990-10-01,167.100
1990-11-01,168.400
1990-12-01,169.200
1991-01-01,171.000
1991-02-01,172.500
1991-03-01,173.700
1991-04-01,174.400
1991-05-01,175.200
1991-06-01,176.200
1991-07-01,177.500
1991-08-01,178.900
1991-09-01,179.700
1991-10-01,180.700
1991-11-01,181.800
1991-12-01,182.600
1992-01-01,184.300
1992-02-01,186.200
1992-03-01,187.300
1992-04-01,188.100
1992-05-01,188.700
1992-06-01,189.400
1992-07-01,190.700
1992-08-01,191.500
1992-09-01,192.300
1992-10-01,193.300
1992-11-01,194.300
1992-12-01,194.700
1993-01-01,196.400
1993-02-01,198.000
1993-03-01,198.600
1993-04-01,199.400
1993-05-01,200.500
1993-06-01,201.100
1993-07-01,202.200
1993-08-01,202.900
1993-09-01,203.300
1993-10-01,204.400
1993-11-01,204.900
1993-12-01,205.200
1994-01-01,206.400
1994-02-01,207.700
1994-03-01,208.300
1994-04-01,209.200
1994-05-01,209.700
1994-06-01,210.400
1994-07-01,211.500
1994-08-01,212.200
1994-09-01,212.800
1994-10-01,214.000
1994-11-01,214.700
1994-12-01,215.300
1995-01-01,216.600
1995-02-01,217.900
1995-03-01,218.400
1995-04-01,218.900
1995-05-01,219.300
1995-06-01,219.800
1995-07-01,220.800
1995-08-01,221.600
1995-09-01,222.100
1995-10-01,222.900
1995-11-01,223.500
1995-12-01,223.800
1996-01-01,225.200
1996-02-01,226.200
1996-03-01,226.600
1996-04-01,227.000
1996-05-01,227.400
1996-06-01,227.800
1996-07-01,228.700
1996-08-01,229.200
1996-09-01,229.400
1996-10-01,230.100
1996-11-01,230.500
1996-12-01,230.600
1997-01-01,231.800
1997-02-01,232.700
1997-03-01,233.400
1997-04-01,233.800
1997-05-01,234.200
1997-06-01,234.400
1997-07-01,234.800
1997-08-01,235.200
1997-09-01,235.400
1997-10-01,235.800
1997-11-01,236.400
1997-12-01,237.100
1998-01-01,238.100
1998-02-01,239.300
1998-03-01,239.800
1998-04-01,240.700
1998-05-01,241.400
1998-06-01,242.000
1998-07-01,242.700
1998-08-01,243.500
1998-09-01,243.900
1998-10-01,244.300
1998-11-01,244.700
1998-12-01,245.200
1999-01-01,246.600
1999-02-01,247.700
1999-03-01,248.300
1999-04-01,249.100
1999-05-01,249.500
1999-06-01,250.200
1999-07-01,251.100
1999-08-01,251.900
1999-09-01,252.300
1999-10-01,252.800
1999-11-01,253.300
1999-12-01,254.200
2000-01-01,255.500
2000-02-01,257.000
2000-03-01,258.100
2000-04-01,258.800
2000-05-01,259.400
2000-06-01,260.500
2000-07-01,261.400
2000-08-01,262.600
2000-09-01,263.100
2000-10-01,263.700
2000-11-01,264.100
2000-12-01,264.800
2001-01-01,267.100
2001-02-01,268.900
2001-03-01,270.000
2001-04-01,270.800
2001-05-01,271.400
2001-06-01,272.500
2001-07-01,273.100
2001-08-01,274.400
2001-09-01,275.000
2001-10-01,275.900
2001-11-01,276.700
2001-12-01,277.300
2002-01-01,279.600
2002-02-01,281.000
2002-03-01,282.000
2002-04-01,283.200
2002-05-01,284.100
2002-06-01,284.700
2002-07-01,286.600
2002-08-01,287.300
2002-09-01,287.700
2002-10-01,289.200
2002-11-01,290.500
2002-12-01,291.300
2003-01-01,292.600
2003-02-01,293.700
2003-03-01,294.200
2003-04-01,294.600
2003-05-01,295.500
2003-06-01,296.300
2003-07-01,297.600
2003-08-01,298.400
2003-09-01,299.200
2003-10-01,299.900
2003-11-01,300.800
2003-12-01,302.100
2004-01-01,303.600
2004-02-01,306.000
2004-03-01,307.500
2004-04-01,308.300
2004-05-01,309.000
2004-06-01,310.000
2004-07-01,311.000
2004-08-01,311.600
2004-09-01,312.300
2004-10-01,313.300
2004-11-01,314.100
2004-12-01,314.900
2005-01-01,316.800
2005-02-01,319.300
2005-03-01,320.700
2005-04-01,321.500
2005-05-01,322.200
2005-06-01,322.900
2005-07-01,324.100
2005-08-01,323.900
2005-09-01,324.600
2005-10-01,326.200
2005-11-01,328.100
2005-12-01,328.400
2006-01-01,329.500
2006-02-01,332.100
2006-03-01,333.800
2006-04-01,334.700
2006-05-01,335.600
2006-06-01,336.000
2006-07-01,337.000
2006-08-01,337.700
2006-09-01,338.300
2006-10-01,339.300
2006-11-01,340.100
2006-12-01,340.100
2007-01-01,343.510
2007-02-01,346.457
2007-03-01,347.172
2007-04-01,348.225
2007-05-01,349.087
2007-06-01,349.510
2007-07-01,351.643
2007-08-01,352.961
2007-09-01,353.723
2007-10-01,355.653
2007-11-01,357.041
2007-12-01,357.661
2008-01-01,360.459
2008-02-01,362.155
2008-03-01,363.000
2008-04-01,363.184
2008-05-01,363.396
2008-06-01,363.616
2008-07-01,363.963
2008-08-01,364.477
2008-09-01,365.036
2008-10-01,365.746
2008-11-01,366.613
2008-12-01,367.133
2009-01-01,369.830
2009-02-01,372.405
2009-03-01,373.189
2009-04-01,374.170
2009-05-01,375.026
2009-06-01,375.093
2009-07-01,375.739
2009-08-01,376.537
2009-09-01,377.727
2009-10-01,378.552
2009-11-01,379.575
2009-12-01,379.516
2010-01-01,382.688
2010-02-01,385.907
2010-03-01,387.142
2010-04-01,387.703
2010-05-01,387.762
2010-06-01,388.199
2010-07-01,387.898
2010-08-01,388.467
2010-09-01,390.616
2010-10-01,391.240
2010-11-01,391.660
2010-12-01,391.946
2011-01-01,393.858
2011-02-01,397.065
2011-03-01,397.726
2011-04-01,398.813
2011-05-01,399.375
2011-06-01,399.552
2011-07-01,400.305
2011-08-01,400.874
2011-09-01,401.605
2011-10-01,403.430
2011-11-01,404.858
2011-12-01,405.629
2012-01-01,408.056
2012-02-01,410.466
2012-03-01,411.498
2012-04-01,412.480
2012-05-01,413.655
2012-06-01,415.345
2012-07-01,416.759
2012-08-01,417.123
2012-09-01,418.039
2012-10-01,418.359
2012-11-01,418.653
2012-12-01,418.654
2013-01-01,420.687
2013-02-01,423.221
2013-03-01,424.154
2013-04-01,423.815
2013-05-01,422.834
2013-06-01,424.264
2013-07-01,424.836
2013-08-01,426.866
2013-09-01,428.026
2013-10-01,428.082
2013-11-01,427.740
2013-12-01,427.089
2014-01-01,429.621
2014-02-01,432.769
2014-03-01,433.369
2014-04-01,434.054
2014-05-01,434.874
2014-06-01,435.352
2014-07-01,435.924
2014-08-01,435.777
2014-09-01,436.575
2014-10-01,437.027
2014-11-01,438.445
2014-12-01,439.720
2015-01-01,440.969
2015-02-01,442.783
2015-03-01,444.020
2015-04-01,446.663
2015-05-01,447.213
2015-06-01,446.271
2015-07-01,446.773
2015-08-01,446.536
2015-09-01,447.289
2015-10-01,450.065
2015-11-01,451.371
2015-12-01,451.072
2016-01-01,454.175
2016-02-01,458.295
2016-03-01,458.620
2016-04-01,459.994
2016-05-01,461.230
2016-06-01,462.075
2016-07-01,464.164
2016-08-01,468.379
2016-09-01,469.154
2016-10-01,469.230
2016-11-01,469.333
2016-12-01,469.447
2017-01-01,471.700
2017-02-01,474.546
2017-03-01,474.561
2017-04-01,473.582
2017-05-01,473.512
2017-06-01,474.360
2017-07-01,476.126
2017-08-01,476.869
2017-09-01,476.485
2017-10-01,477.121
2017-11-01,477.198
2017-12-01,477.802
2018-01-01,481.060
2018-02-01,482.897
2018-03-01,483.984
2018-04-01,484.034
2018-05-01,484.853
2018-06-01,486.019
2018-07-01,485.193
2018-08-01,484.172
2018-09-01,484.708
2018-10-01,485.269
2018-11-01,486.886
2018-12-01,487.409
2019-01-01,490.204
2019-02-01,491.227
2019-03-01,492.306
2019-04-01,493.331
2019-05-01,494.928
2019-06-01,495.563
2019-07-01,497.687
2019-08-01,500.916
2019-09-01,501.468
2019-10-01,506.100
2019-11-01,507.541
2019-12-01,509.689
2020-01-01,512.149
2020-02-01,513.923
2020-03-01,515.605
2020-04-01,517.053
2020-05-01,519.194
2020-06-01,520.734
2020-07-01,522.686
2020-08-01,523.295
2020-09-01,522.528
2020-10-01,520.725
2020-11-01,519.848
2020-12-01,518.766
2021-01-01,522.133
2021-02-01,524.207
2021-03-01,524.734
2021-04-01,524.585
2021-05-01,523.918
2021-06-01,522.989
2021-07-01,524.219
2021-08-01,525.247
2021-09-01,524.818
2021-10-01,527.564
2021-11-01,528.877
2021-12-01,530.026
2022-01-01,535.048
2022-02-01,536.932
2022-03-01,539.739
2022-04-01,541.515
2022-05-01,543.488
2022-06-01,546.717
2022-07-01,549.562
2022-08-01,553.429
2022-09-01,556.323
2022-10-01,554.043
2022-11-01,550.844
2022-12-01,551.002
2023-01-01,551.422
2023-02-01,549.487
2023-03-01,547.805
2023-04-01,547.219
2023-05-01,547.420
2023-06-01,547.432
2023-07-01,546.698
2023-08-01,548.082
2023-09-01,548.431
2023-10-01,549.762
2023-11-01,551.769
2023-12-01,553.485
2024-01-01,557.215
2024-02-01,557.236
2024-03-01,559.935
2024-04-01,561.612
2024-05-01,564.249
2024-06-01,565.301
2024-07-01,564.039
2024-08-01,564.407
2024-09-01,566.266
2024-10-01,567.870
2024-11-01,568.773
2024-12-01,569.189
2025-01-01,571.899
2025-02-01,573.320
2025-03-01,574.739
2025-04-01,576.988
2025-05-01,578.250
2025-06-01,580.978
2025-07-01,583.856
2025-08-01,583.875
2025-09-01,584.858
